,age,sex,cp,trestbps,chol,fbs,restecg,thalach,exang,oldpeak,Diagnosis,Risk_Score
0,50,1,2,120,200,0,0,150,0,1,Low Risk ,0.23426359619104103
1,60,0,4,140,250,1,2,100,1,2.5,High Risk ,0.9237916536329194
2,45,1,1,130,180,0,1,170,0,0.5,Low Risk ,0.08452801367467373
3,70,1,3,160,300,0,2,80,1,3,High Risk ,0.9647504750880592
4,35,0,2,110,190,0,0,190,0,0,Low Risk ,0.017470833700601127
